{
  "toolscriptVersion": "1.0.0",
  "version": "43.0.9",
  "pageUuid": "5fd05e8e-4e11-11f0-a71a-6f7f25d5c7ef",
  "appTemplate": {
    "pageCodeFolders": {
      "object": {
        "page2": {
          "array": []
        }
      }
    },
    "rootScreen": "page1",
    "version": "3.223.0",
    "customShortcuts": {
      "array": [
        {
          "object": {
            "shortcut": "",
            "action": ""
          }
        }
      ]
    },
    "experimentalDataTabEnabled": true
  }
}
