{
  "Missing_Patient_Table": {
    "row": 3.2,
    "col": 6,
    "height": 7.6,
    "width": 5
  },
  "Patient_Count_Bar": {
    "row": 12,
    "col": 6,
    "height": 11.4,
    "width": 5
  },
  "Provider_Missing_Patients": {
    "row": 24.4,
    "col": 6,
    "height": 10,
    "width": 5
  },
  "button1": {
    "row": 2.2,
    "col": 6,
    "height": 1,
    "width": 5
  },
  "button2": {
    "row": 10.8,
    "col": 6,
    "height": 1.2,
    "width": 5
  },
  "button3": {
    "row": 23.4,
    "col": 6,
    "height": 1,
    "width": 5
  },
  "button4": {
    "row": 34.4,
    "col": 6,
    "height": 1,
    "width": 5
  },
  "chartLegacy1": {
    "row": 35.4,
    "col": 6,
    "height": 12.8,
    "width": 5
  },
  "container1": {
    "row": 1.6,
    "height": 0.2,
    "width": 6,
    "stackPosition": {
      "object": {
        "ordinal": 0,
        "widthType": "fixed",
        "width": 0,
        "height": 0
      }
    }
  },
  "container2": {
    "row": 1.4,
    "height": 0.2,
    "width": 6,
    "stackPosition": {
      "object": {
        "ordinal": 0,
        "widthType": "fixed",
        "width": 0,
        "height": 0
      }
    }
  },
  "container3": {
    "row": 1.8,
    "height": 0.2,
    "width": 6,
    "stackPosition": {
      "object": {
        "ordinal": 0,
        "widthType": "fixed",
        "width": 0,
        "height": 0
      }
    }
  },
  "container4": {
    "container": "container3",
    "rowGroup": "header",
    "subcontainer": "00030",
    "row": 0.6,
    "height": 0.2,
    "width": 12,
    "stackPosition": {
      "object": {
        "ordinal": 0,
        "widthType": "fixed",
        "width": 0,
        "height": 0
      }
    }
  },
  "container5": {
    "container": "container3",
    "rowGroup": "header",
    "subcontainer": "00030",
    "row": 0.8,
    "height": 0.2,
    "width": 12,
    "stackPosition": {
      "object": {
        "ordinal": 0,
        "widthType": "fixed",
        "width": 0,
        "height": 0
      }
    }
  },
  "container6": {
    "container": "container3",
    "subcontainer": "00030",
    "height": 0.2,
    "width": 12,
    "stackPosition": {
      "object": {
        "ordinal": 0,
        "widthType": "fixed",
        "width": 0,
        "height": 0
      }
    }
  },
  "container7": {
    "container": "container3",
    "subcontainer": "00030",
    "row": 4.4,
    "height": 0.2,
    "width": 12,
    "stackPosition": {
      "object": {
        "ordinal": 1,
        "widthType": "fixed",
        "width": 0,
        "height": 0
      }
    }
  },
  "container8": {
    "row": 2,
    "col": 6,
    "height": 0.2,
    "width": 5,
    "stackPosition": {
      "object": {
        "ordinal": 0,
        "widthType": "fixed",
        "width": 0,
        "height": 0
      }
    }
  },
  "container9": {
    "row": 48.2,
    "height": 0.2,
    "width": 11,
    "stackPosition": {
      "object": {
        "ordinal": 0,
        "widthType": "fixed",
        "width": 0,
        "height": 0
      }
    }
  },
  "containerTitle1": {
    "container": "container1",
    "rowGroup": "header",
    "height": 0.6,
    "width": 12
  },
  "containerTitle2": {
    "container": "container2",
    "rowGroup": "header",
    "height": 0.6,
    "width": 12
  },
  "containerTitle3": {
    "container": "container3",
    "rowGroup": "header",
    "height": 0.6,
    "width": 12
  },
  "containerTitle4": {
    "container": "container4",
    "rowGroup": "header",
    "height": 0.6,
    "width": 12
  },
  "containerTitle5": {
    "container": "container5",
    "rowGroup": "header",
    "height": 0.6,
    "width": 12
  },
  "containerTitle6": {
    "container": "container6",
    "rowGroup": "header",
    "height": 0.6,
    "width": 12
  },
  "containerTitle7": {
    "container": "container7",
    "rowGroup": "header",
    "height": 0.6,
    "width": 12
  },
  "containerTitle8": {
    "container": "container8",
    "rowGroup": "header",
    "height": 0.6,
    "width": 12
  },
  "containerTitle9": {
    "container": "container9",
    "rowGroup": "header",
    "height": 0.6,
    "width": 12
  },
  "editableText1": {
    "row": 0.8,
    "height": 0.6,
    "width": 6
  },
  "text10": {
    "container": "container7",
    "subcontainer": "00030",
    "height": 0.6,
    "width": 12,
    "stackPosition": {
      "object": {
        "ordinal": 5,
        "widthType": "fixed",
        "width": 0,
        "height": 0
      }
    }
  },
  "text11": {
    "container": "container7",
    "subcontainer": "00030",
    "row": 2.2,
    "height": 0.6,
    "width": 11,
    "stackPosition": {
      "object": {
        "ordinal": 4,
        "widthType": "fixed",
        "width": 0,
        "height": 0
      }
    }
  },
  "text12": {
    "container": "container7",
    "subcontainer": "00030",
    "row": 2.8,
    "height": 0.6,
    "width": 11,
    "stackPosition": {
      "object": {
        "ordinal": 3,
        "widthType": "fixed",
        "width": 0,
        "height": 0
      }
    }
  },
  "text14": {
    "container": "container8",
    "subcontainer": "00030",
    "row": 0,
    "height": 0.6,
    "width": 12,
    "stackPosition": {
      "object": {
        "ordinal": 0,
        "widthType": "fixed",
        "width": 0,
        "height": 0
      }
    }
  },
  "text15": {
    "container": "container9",
    "subcontainer": "00030",
    "height": 0.6,
    "width": 12,
    "stackPosition": {
      "object": {
        "ordinal": 0,
        "widthType": "fixed",
        "width": 0,
        "height": 0
      }
    }
  },
  "text16": {
    "container": "container7",
    "subcontainer": "00030",
    "row": 4,
    "height": 0.6,
    "width": 6,
    "stackPosition": {
      "object": {
        "ordinal": 2,
        "widthType": "fixed",
        "width": 0,
        "height": 0
      }
    }
  },
  "text17": {
    "container": "container7",
    "subcontainer": "00030",
    "row": 1.6,
    "height": 0.6,
    "width": 11,
    "stackPosition": {
      "object": {
        "ordinal": 1,
        "widthType": "fixed",
        "width": 0,
        "height": 0
      }
    }
  },
  "text18": {
    "container": "container7",
    "subcontainer": "00030",
    "row": 3.4,
    "height": 0.6,
    "width": 11,
    "stackPosition": {
      "object": {
        "ordinal": 0,
        "widthType": "fixed",
        "width": 0,
        "height": 0
      }
    }
  },
  "text4": {
    "container": "container2",
    "subcontainer": "00030",
    "row": 0,
    "height": 0.6,
    "width": 12,
    "stackPosition": {
      "object": {
        "ordinal": 0,
        "widthType": "fixed",
        "width": 0,
        "height": 0
      }
    }
  },
  "text5": {
    "container": "container1",
    "subcontainer": "00030",
    "height": 0.6,
    "width": 12
  },
  "text6": {
    "row": 0.2,
    "height": 0.6,
    "width": 12
  },
  "text7": {
    "container": "container4",
    "subcontainer": "00030",
    "height": 0.6,
    "width": 12,
    "stackPosition": {
      "object": {
        "ordinal": 0,
        "widthType": "fixed",
        "width": 0,
        "height": 0
      }
    }
  },
  "text8": {
    "container": "container5",
    "subcontainer": "00030",
    "height": 0.6,
    "width": 12
  },
  "text9": {
    "container": "container6",
    "subcontainer": "00030",
    "height": 0.6,
    "width": 12,
    "stackPosition": {
      "object": {
        "ordinal": 0,
        "widthType": "fixed",
        "width": 0,
        "height": 0
      }
    }
  }
}
